{
  "Transparency" : 0.067225174492385797,
  "Tags" : [

  ],
  "Ansi 12 Color" : {
    "Red Component" : 0.22352941334247589,
    "Color Space" : "Calibrated",
    "Blue Component" : 0.63529413938522339,
    "Alpha Component" : 1,
    "Green Component" : 0.65490198135375977
  },
  "Guid" : "03E845A5-3C30-4369-B7E0-F9E2FB97EA65",
  "Ansi 7 Color" : {
    "Red Component" : 0.88627451658248901,
    "Color Space" : "Calibrated",
    "Blue Component" : 0.80392158031463623,
    "Alpha Component" : 1,
    "Green Component" : 0.84705883264541626
  },
  "Bold Color" : {
    "Red Component" : 1,
    "Color Space" : "Calibrated",
    "Blue Component" : 1,
    "Alpha Component" : 1,
    "Green Component" : 1
  },
  "Ansi 8 Color" : {
    "Red Component" : 0.23921568691730499,
    "Color Space" : "Calibrated",
    "Blue Component" : 0.23921568691730499,
    "Alpha Component" : 1,
    "Green Component" : 0.23921568691730499
  },
  "Ansi 9 Color" : {
    "Red Component" : 0.9843137264251709,
    "Color Space" : "Calibrated",
    "Blue Component" : 0.40000000596046448,
    "Alpha Component" : 1,
    "Green Component" : 0.23921568691730499
  },
  "Ansi 3 Color" : {
    "Red Component" : 0.10218164324760437,
    "Color Space" : "Calibrated",
    "Blue Component" : 0.3885798454284668,
    "Alpha Component" : 1,
    "Green Component" : 0.55661976337432861
  },
  "Rows" : 25,
  "Default Bookmark" : "No",
  "Horizontal Spacing" : 1,
  "Cursor Guide Color" : {
    "Red Component" : 0.047984577715396881,
    "Color Space" : "Calibrated",
    "Blue Component" : 0.17208729684352875,
    "Alpha Component" : 1,
    "Green Component" : 0.14970120787620544
  },
  "Non-ASCII Anti Aliased" : true,
  "Use Bright Bold" : true,
  "Ansi 10 Color" : {
    "Red Component" : 0.41960784792900085,
    "Color Space" : "Calibrated",
    "Blue Component" : 0.55294120311737061,
    "Alpha Component" : 1,
    "Green Component" : 0.70588237047195435
  },
  "Ambiguous Double Width" : false,
  "Jobs to Ignore" : [
    "rlogin",
    "ssh",
    "slogin",
    "telnet"
  ],
  "Ansi 15 Color" : {
    "Red Component" : 0.88627451658248901,
    "Color Space" : "Calibrated",
    "Blue Component" : 0.80392158031463623,
    "Alpha Component" : 1,
    "Green Component" : 0.84705883264541626
  },
  "Foreground Color" : {
    "Red Component" : 0.88627451658248901,
    "Color Space" : "Calibrated",
    "Blue Component" : 0.80392158031463623,
    "Alpha Component" : 1,
    "Green Component" : 0.84705883264541626
  },
  "Working Directory" : "\/Users\/seanestey",
  "Blinking Cursor" : false,
  "Disable Window Resizing" : true,
  "Sync Title" : false,
  "Prompt Before Closing 2" : false,
  "BM Growl" : true,
  "Command" : "",
  "Description" : "Default",
  "Mouse Reporting" : true,
  "Screen" : -1,
  "Selection Color" : {
    "Red Component" : 0.30241936445236206,
    "Color Space" : "Calibrated",
    "Blue Component" : 0.30241936445236206,
    "Alpha Component" : 1,
    "Green Component" : 0.30241936445236206
  },
  "Only The Default BG Color Uses Transparency" : false,
  "Columns" : 80,
  "Idle Code" : 0,
  "Ansi 13 Color" : {
    "Red Component" : 0.49411764740943909,
    "Color Space" : "Calibrated",
    "Blue Component" : 0.70196080207824707,
    "Alpha Component" : 1,
    "Green Component" : 0.38431373238563538
  },
  "Custom Command" : "No",
  "ASCII Anti Aliased" : true,
  "Non Ascii Font" : "Monaco 12",
  "Vertical Spacing" : 1,
  "Use Bold Font" : true,
  "Option Key Sends" : 0,
  "Selected Text Color" : {
    "Red Component" : 1,
    "Color Space" : "Calibrated",
    "Blue Component" : 1,
    "Alpha Component" : 1,
    "Green Component" : 1
  },
  "Background Color" : {
    "Red Component" : 0.019607843831181526,
    "Color Space" : "Calibrated",
    "Blue Component" : 0.098039217293262482,
    "Alpha Component" : 1,
    "Green Component" : 0.08235294371843338
  },
  "Character Encoding" : 4,
  "Ansi 11 Color" : {
    "Red Component" : 0.18806508183479309,
    "Color Space" : "Calibrated",
    "Blue Component" : 0.35260361433029175,
    "Alpha Component" : 1,
    "Green Component" : 0.78611129522323608
  },
  "Thin Strokes" : 4,
  "Use Italic Font" : true,
  "Unlimited Scrollback" : false,
  "Keyboard Map" : {
    "0xf700-0x260000" : {
      "Action" : 10,
      "Text" : "[1;6A"
    },
    "0x37-0x40000" : {
      "Action" : 11,
      "Text" : "0x1f"
    },
    "0x32-0x40000" : {
      "Action" : 11,
      "Text" : "0x00"
    },
    "0xf709-0x20000" : {
      "Action" : 10,
      "Text" : "[17;2~"
    },
    "0xf70c-0x20000" : {
      "Action" : 10,
      "Text" : "[20;2~"
    },
    "0xf729-0x20000" : {
      "Action" : 10,
      "Text" : "[1;2H"
    },
    "0xf72b-0x40000" : {
      "Action" : 10,
      "Text" : "[1;5F"
    },
    "0xf705-0x20000" : {
      "Action" : 10,
      "Text" : "[1;2Q"
    },
    "0xf703-0x260000" : {
      "Action" : 10,
      "Text" : "[1;6C"
    },
    "0xf700-0x220000" : {
      "Action" : 10,
      "Text" : "[1;2A"
    },
    "0xf701-0x280000" : {
      "Action" : 11,
      "Text" : "0x1b 0x1b 0x5b 0x42"
    },
    "0x38-0x40000" : {
      "Action" : 11,
      "Text" : "0x7f"
    },
    "0x33-0x40000" : {
      "Action" : 11,
      "Text" : "0x1b"
    },
    "0xf703-0x220000" : {
      "Action" : 10,
      "Text" : "[1;2C"
    },
    "0xf701-0x240000" : {
      "Action" : 10,
      "Text" : "[1;5B"
    },
    "0xf70d-0x20000" : {
      "Action" : 10,
      "Text" : "[21;2~"
    },
    "0xf702-0x260000" : {
      "Action" : 10,
      "Text" : "[1;6D"
    },
    "0xf729-0x40000" : {
      "Action" : 10,
      "Text" : "[1;5H"
    },
    "0xf706-0x20000" : {
      "Action" : 10,
      "Text" : "[1;2R"
    },
    "0x34-0x40000" : {
      "Action" : 11,
      "Text" : "0x1c"
    },
    "0xf700-0x280000" : {
      "Action" : 11,
      "Text" : "0x1b 0x1b 0x5b 0x41"
    },
    "0x2d-0x40000" : {
      "Action" : 11,
      "Text" : "0x1f"
    },
    "0xf70e-0x20000" : {
      "Action" : 10,
      "Text" : "[23;2~"
    },
    "0xf702-0x220000" : {
      "Action" : 10,
      "Text" : "[1;2D"
    },
    "0xf703-0x280000" : {
      "Action" : 11,
      "Text" : "0x1b 0x1b 0x5b 0x43"
    },
    "0xf700-0x240000" : {
      "Action" : 10,
      "Text" : "[1;5A"
    },
    "0xf707-0x20000" : {
      "Action" : 10,
      "Text" : "[1;2S"
    },
    "0xf70a-0x20000" : {
      "Action" : 10,
      "Text" : "[18;2~"
    },
    "0x35-0x40000" : {
      "Action" : 11,
      "Text" : "0x1d"
    },
    "0xf70f-0x20000" : {
      "Action" : 10,
      "Text" : "[24;2~"
    },
    "0xf703-0x240000" : {
      "Action" : 10,
      "Text" : "[1;5C"
    },
    "0xf701-0x260000" : {
      "Action" : 10,
      "Text" : "[1;6B"
    },
    "0xf702-0x280000" : {
      "Action" : 11,
      "Text" : "0x1b 0x1b 0x5b 0x44"
    },
    "0xf72b-0x20000" : {
      "Action" : 10,
      "Text" : "[1;2F"
    },
    "0x36-0x40000" : {
      "Action" : 11,
      "Text" : "0x1e"
    },
    "0xf708-0x20000" : {
      "Action" : 10,
      "Text" : "[15;2~"
    },
    "0xf701-0x220000" : {
      "Action" : 10,
      "Text" : "[1;2B"
    },
    "0xf70b-0x20000" : {
      "Action" : 10,
      "Text" : "[19;2~"
    },
    "0xf702-0x240000" : {
      "Action" : 10,
      "Text" : "[1;5D"
    },
    "0xf704-0x20000" : {
      "Action" : 10,
      "Text" : "[1;2P"
    }
  },
  "Window Type" : 0,
  "Blur Radius" : 30,
  "Cursor Boost" : 0.076483386075949372,
  "Background Image Location" : "",
  "Blur" : true,
  "Badge Color" : {
    "Red Component" : 1,
    "Color Space" : "Calibrated",
    "Blue Component" : 0,
    "Alpha Component" : 0.5,
    "Green Component" : 0
  },
  "Scrollback Lines" : 1000,
  "Send Code When Idle" : false,
  "Close Sessions On End" : true,
  "Terminal Type" : "xterm-256color",
  "Visual Bell" : true,
  "Flashing Bell" : false,
  "Scrollback in Alternate Screen" : true,
  "Silence Bell" : true,
  "Ansi 14 Color" : {
    "Red Component" : 0.37647059559822083,
    "Color Space" : "Calibrated",